7,Title2r<script>alert('d')</script>,Content2r,_1632246057.,2021-09-14 00:00:00,1,5
8,Title2r,Content2r,gallery_1238251741.jpg,2021-09-14 00:00:00,1,5
9,Title2r,Content2r,gallery_1238251741.jpg,2021-09-14 00:00:00,1,5
10,Title2r,Content2r,gallery_1238251741.jpg,2021-09-14 00:00:00,1,5
11,Title2r,Content2r,gallery_1238251741.jpg,2021-09-14 00:00:00,1,5
12,Title2r,Content2r,gallery_1238251741.jpg,2021-09-14 00:00:00,1,5
13,Title2r,Content2r,gallery_1238251741.jpg,2021-09-14 00:00:00,1,5
14,Title2r,Content2r,gallery_1238251741.jpg,2021-09-14 00:00:00,1,5
15,Title2r,Content2r,gallery_1238251741.jpg,2021-09-14 00:00:00,1,5
16,Title2r,Content2r,gallery_1238251741.jpg,2021-09-14 00:00:00,1,5
